punch,https://tenor.com/view/anime-smash-lesbian-punch-wall-gif-4790446
punch,http://gph.is/28PxoT0
punch,http://gph.is/1N1PVwj
punch,http://gph.is/2z07BnL
punch,https://tenor.com/view/all-might-my-hero-academia-anime-fight-attack-gif-13644758
punch,https://i.imgur.com/hyQjs9p.gif
punch,https://tenor.com/view/relationship-anime-fight-arguing-gif-9778017
punch,https://tenor.com/view/anime-fight-gif-9394812
punch,https://makeagif.com/i/LC5Qis
punch,https://i.imgur.com/txvwQ4a.gif
punch,https://tenor.com/view/kimetsu-no-yaiba-demon-slayer-zenitsu-agatsuma-zenitsu-gif-14677280
punch,https://tenor.com/view/demon-slayer-anime-fight-kimetsu-no-yaiba-tanjiro-gif-14745105
punch,http://gph.is/1MbFjGP
punch,https://cdn.weeb.sh/images/rJHLDT-Wz.gif
punch,http://gph.is/1MbFjGP
smirk,https://i.imgur.com/bWUifoQ.gif
smirk,https://i.imgur.com/743yRhR.gif
smirk,https://tenor.com/view/satania-anime-gif-10120660
smirk,https://tenor.com/view/loufy42-light-yagami-death-note-gif-15248803
smirk,http://gph.is/2jL6r8f
smirk,http://gph.is/2magQjn
smirk,http://gph.is/2mxiLKp
smirk,https://giffiles.alphacoders.com/138/138179.gif
smirk,https://gifs.alphacoders.com/gifs/view/138123
smirk,https://gifs.alphacoders.com/gifs/view/138179
smirk,https://gifs.alphacoders.com/gifs/view/138052
smirk,https://gifs.alphacoders.com/gifs/view/138060
nanithefuck,https://i.imgur.com/OFEUSbt.gif
nanithefuck,https://i.imgur.com/QK0Toni.gif
nanithefuck,https://i.imgur.com/O4BuQuf.gif
nanithefuck,https://tenor.com/view/little-witch-academia-akko-kagari-gif-5226533
nanithefuck,https://tenor.com/view/nani-intensifies-nani-intensifies-what-cosa-gif-13077558
nanithefuck,https://tenor.com/view/my-hero-acadamia-deku-excited-head-desk-wiggling-gif-5497470
nanithefuck,https://i.kym-cdn.com/photos/images/original/000/902/226/410.gif
nanithefuck,https://gifs.alphacoders.com/gifs/view/138087
lewd,https://i.imgur.com/HpgHPak.gif
lewd,https://i.imgur.com/trlat5j.gif
lewd,https://i.pinimg.com/originals/7e/e8/46/7ee84646cea3dfba4a068ad896143089.gif
lewd,http://gph.is/1LiZPd2
lewd,http://gph.is/28L22OT
lewd,http://gph.is/1PQXncp
lewd,http://gph.is/1Kimp46
lewd,http://gph.is/1JkeLE2
lewd,http://gph.is/2dnwSNN
lewd,https://gifs.alphacoders.com/gifs/view/138177
lewd,https://gifs.alphacoders.com/gifs/view/35890
angry,https://i.imgur.com/v6Rcw7p.gif
angry,https://tenor.com/view/akko-little-witch-pout-academia-anime-angry-gif-12007445
angry,https://tenor.com/view/kimetsu-no-yaiba-demon-slayer-pig-angry-inosuke-hashibira-gif-14905892
angry,https://tenor.com/view/cri-cry-cute-kawaii-anime-gif-5416784
angry,https://tenor.com/view/haganezuka-mad-angry-pissed-demon-slayer-gif-15100398
angry,https://i.imgur.com/h9gyNVy.gif
angry,https://66.media.tumblr.com/932cad1ba5740c1f22a8a60eac2cd97b/tumblr_p95r9xHnWU1qzxv73o1_540.gifv
angry,http://gph.is/1KJQs3L
angry,http://gph.is/1ejj4Fm
angry,https://tenor.com/view/ippo-manga-gif-10061330
angry,https://gifs.alphacoders.com/gifs/view/138175
angry,https://gifs.alphacoders.com/gifs/view/138077
angry,https://gifs.alphacoders.com/gifs/view/11040
smoll,https://i.imgur.com/otiwuFe.gif
smoll,https://i.imgur.com/Jt6ox94.gif
smoll,https://i.imgur.com/A3S9j6a.gif
smoll,https://1.bp.blogspot.com/-PjFDtuA-Aqk/UUm5P7P2DpI/AAAAAAAABbw/GW71-f1IWpA/s1600/wtf-anime-fat-guy-jump.gif
smoll,https://i.imgur.com/OGFKPDO.gif
smoll,https://i.imgur.com/AIUr98n.gif
smoll,https://tenor.com/view/laugh-anime-gif-10903422
smoll,http://gph.is/1a5tHI3
smoll,https://gifs.alphacoders.com/gifs/view/138167
rekt,https://tenor.com/view/slap-handaseishuu-narukotoishi-barakamonanime-barakamon-gif-5509136
rekt,http://gph.is/2uw8gOV
rekt,http://gph.is/10Hkn6z
rekt,http://gph.is/10H3bOG
rekt,https://tenor.com/view/kimetsu-no-yaiba-demon-slayer-zenitsu-agatsuma-zenitsu-gif-14677280
rekt,https://i.imgur.com/txvwQ4a.gifhttp://gph.is/2dnwSNN
rekt,https://tenor.com/view/kaori-makimura-city-hunter-mad-angry-furious-gif-14855959
rekt,https://tenor.com/view/nichijou-goat-wrestling-toss-throw-gif-5014074
rekt,http://gph.is/10GWEnd
rekt,https://tenor.com/view/anime-insult-cringe-gif-5327846
rekt,https://tenor.com/view/teeth-terrible-onizuka-gto-anime-gif-5458567
rekt,https://gifs.alphacoders.com/gifs/view/15922
rekt,https://gifs.alphacoders.com/gifs/view/190512
rekt,https://gifs.alphacoders.com/gifs/view/11037
lick,http://gph.is/14yCmOn
lick,http://gph.is/1sckGrf
lick,http://gph.is/19IRNUs
lick,https://cdn.weeb.sh/images/ryGpGsnAZ.gif
bite,http://gph.is/2cobclm
bite,http://gph.is/1PUwEtI
bite,https://cdn.weeb.sh/images/ry00lxmob.gif
pantsu,https://cdn.discordapp.com/attachments/636993748496285706/642800274666160188/giphy.gif
pantsu,http://gph.is/2eBStI6
pantsu,http://gph.is/1NHjlQ5
pantsu,http://gph.is/ZofAcQ
pantsu,http://gph.is/1PQXjJD
slap,https://gifs.alphacoders.com/gifs/view/132231
slap,https://tenor.com/view/mm-emu-emu-anime-slap-strong-gif-7958720
slap,https://tenor.com/view/anime-slap-gif-10426943
slap,https://tenor.com/view/powerful-head-slap-anime-death-tragic-gif-14358509
slap,https://tenor.com/view/slap-anime-angry-gif-12858541
slap,https://cdn.discordapp.com/attachments/636993748496285706/643120848794026004/gascogne.gif
slap,https://tenor.com/view/slap-blood-anime-gif-4961067
slap,https://tenor.com/view/mad-angry-pissed-upset-slap-gif-4436362
slap,https://cdn.discordapp.com/attachments/636993748496285706/643121169121148928/messatsuslap.gif
